"ID","Description","setSize","enrichmentScore","NES","pvalue","p.adjust","qvalue","rank","leading_edge","core_enrichment"
"DOID:9974","drug dependence",18,0.941238031612494,1.89411905822119,5.02491378814619e-06,0.0048188923228322,0.00445366043117799,21,"tags=11%, list=0%, signal=11%","KCNJ6/ABAT"
"DOID:2559","opiate dependence",17,0.941238069491039,1.864594832394,1.57323429294234e-05,0.00754365843465854,0.00697191197188134,21,"tags=12%, list=0%, signal=12%","KCNJ6/ABAT"
"DOID:974","upper respiratory tract disease",154,0.6514499701111,1.80233466510141,0.000145998871230308,0.0466709725032886,0.0431337016055858,663,"tags=6%, list=3%, signal=6%","TLR10/KCNJ6/BDNF/EDN1/CD40/MCAM/NLRP3/TLR4/TGFBR2/ADM"
